ep,train_reward,val_reward,train_mae,val_mae,val_overshoot,Kp,Ki,Kw
1,1.1014782852955862,2.2798849410095476,1.3772931870144953,0.8312703868470893,4.935504022138417,-0.5584266048532587,-0.0036241565127153176,-0.0028091773346021727
2,1.1014450823675672,2.2798908255906802,1.3772979429451044,0.8312703500720638,4.935499518405138,-0.4903024756037318,-0.0024982876329868284,0.004882322894679653
3,1.1014467508307908,2.2798903727117468,1.3772976965235184,0.8312704624236501,4.935499859184773,-0.5203979592900854,-0.0018396205059042921,0.0053280174612879636
4,1.2989628917447433,2.9451392624052724,1.2401569017026877,0.7269557599487736,4.967003067537291,-0.4506663891884896,-0.0018170122635197473,0.0003240990328478503
5,1.2106563396518093,2.620819643546573,1.2009604915443566,0.6829337942533925,4.9496172323136705,-0.3730659713974228,-0.002813672805363471,0.0019138127833873302
6,1.5446270591830384,2.698696734024686,1.0794658380211617,0.6728841972367505,4.7358271897279565,-0.28969393692933043,-0.0077458312315446835,0.0008450304722046112
7,1.6177444125330191,2.7544977634082826,1.0561737146293448,0.6583497402718064,4.726144010128664,-0.2917794427117547,-0.010252540630919559,0.0012015211092936504
8,1.6080536501195837,2.744882237939893,1.05908644749363,0.6604902439309008,4.7265634793349705,-0.30482386850618626,-0.009950148323933044,-0.0012583218298636162
9,1.6007396755296,2.7461449687471284,1.0607193986718413,0.6615591975103422,4.725320612562541,-0.317188675816472,-0.010072006153183299,6.3090472369342e-05
10,2.8009276091106052,4.402963079906014,0.7283065752289432,0.4416192587657924,4.429917702110927,-0.4906898153436792,-0.015484065376781486,0.021650457555228646
11,2.831473297488637,4.420435718034956,0.7201187110877486,0.4371751352799486,4.42539107751611,-0.7017292728175869,-0.015721150708419306,0.03537026277414194
12,2.8292432814424626,4.41740298205785,0.7207362599528043,0.43779939965997017,4.426725594926239,-0.6894388585477262,-0.015875586861366028,0.03831572906749026
13,2.8353468555754078,4.4258373089334775,0.7198739031312958,0.4378210027790839,4.426886419006266,-0.7098954089053042,-0.015448820535783414,0.0394870310097008
14,3.549023309873073,5.17322740506677,0.630784070002245,0.3908846059507452,4.220750408929831,-0.7768130770197382,-0.02697633025241089,0.03843528918317846
15,3.567506046452112,5.175443565972623,0.6290308222920679,0.3908706743397818,4.215493990287214,-0.7987405241908015,-0.028377387094664742,0.0040535278864451
16,4.0824259541382295,5.693680666391566,0.47212908350959565,0.2744389625458237,4.09440383732354,-1.446079689341861,-0.024242829484818457,-0.016075954631761508
17,4.086664299056802,5.693773668313698,0.4720100365496835,0.274564243770215,4.094395883700031,-1.62168361546399,-0.023126440307310037,-0.013480423180548637
18,4.071837160692178,5.672740075250479,0.4752029264749346,0.2762902460511082,4.0969792916287275,-1.6232447557382517,-0.022864002212359978,-0.01347590906841977
19,4.064110874097991,5.6602414118406585,0.4768639951884679,0.2772496639436636,4.098639862183589,-1.6418977800432268,-0.023236663271864137,-0.013536126226992221
20,4.718746344106692,6.361819027267989,0.3974183645252418,0.23302659415177035,3.9343657455816867,-2.0457019161533667,-0.03345264119839107,-0.03791359776968474
21,4.714611766739947,6.360236704734755,0.39777202831264996,0.2331579079904976,3.934774785266569,-2.047379569367723,-0.03346781405406791,-0.04314916651766818
22,5.220524604753252,6.9374470671760315,0.34757012133733256,0.17581017472051458,3.7264215478005838,-3.0287455085280897,-0.042602779733406766,-0.0208071833914584
23,5.203443328844055,6.937672433607321,0.35083677998425133,0.17374449954601556,3.719383605094265,-3.3284146415817366,-0.04139583793891085,-0.01600480473435319
24,5.571751188644872,7.224206797036655,0.3036774451393603,0.16700700325576182,3.65338764257217,-3.417375228068492,-0.053000530300734636,0.023213854452988528
25,5.6790810932808675,7.310252981506333,0.2932441160051443,0.16475458695469947,3.6319689946674316,-3.44910111059775,-0.05701997544284578,-0.06544249921708971
26,5.68554999811953,7.3156893343632134,0.2926427009978236,0.16459857195485764,3.630515530382425,-3.4586365428176133,-0.05874327685053762,-0.15598661369747585
27,5.692901085160535,7.321628030386867,0.29197655363472874,0.16437124787492477,3.6286877191492692,-3.460392986331974,-0.05903293113704319,-0.15772379536528486
28,5.697686588725247,7.325678593326154,0.2915541578950766,0.16419012591199286,3.627374015996139,-3.4589562936349436,-0.05922598882510259,-0.15992963197710994
29,5.702038979925312,7.329475084440053,0.2911780428962746,0.16402513811498318,3.626174194846243,-3.467534611294339,-0.059337906655039754,-0.1947370781912818
30,5.702430055380257,7.329835066786874,0.29114427573541785,0.16401153393001758,3.626067888296447,-3.4741809155728602,-0.05924410033631731,-0.19755905950152958
31,5.702805235846981,7.330181581128705,0.2911117168899476,0.1639981038184153,3.625964109427116,-3.4681022978640415,-0.05931188757191072,-0.19342019124789997
32,5.703146108463904,7.330498386576438,0.29108193938263205,0.1639856902002534,3.625868784511681,-3.472726395896247,-0.0593400265428576,-0.19788932950945348
33,5.709355083833908,7.3359047280698935,0.29054063188841467,0.16370355425422795,3.623898536343063,-3.4713142653246662,-0.059540446411381974,-0.31055991666333693
34,5.709500168123673,7.336023912544298,0.2905280403368014,0.1636959792439583,3.6238470108923764,-3.47480509612892,-0.059655427973758474,-0.32928513543861165
35,5.70955985563799,7.3360747822992005,0.2905227586760788,0.16369259512158835,3.623824551408603,-3.469933841798876,-0.05953956502783406,-0.33618258239628673
36,5.7096022749113144,7.336111905242628,0.29051889809874526,0.16369006033993377,3.6238080276581,-3.4724438493554897,-0.059608024855454765,-0.33696438036523424
37,5.709836895514635,7.336303634817368,0.2904983343599539,0.16367688822322402,3.623720829740307,-3.4693723908654444,-0.059513209322402186,-0.3391267474408861
38,5.709927809024684,7.336376897010683,0.29049032263614666,0.16367158470765028,3.623686113540927,-3.475166846562673,-0.05964162236114999,-0.3416743619186623
39,5.709977069970165,7.336416732781521,0.290485950263955,0.16366862574117252,3.62366692057374,-3.471887184215618,-0.059440944992654676,-0.34362779696424445
40,5.710009225168361,7.336442444449886,0.2904830975926447,0.16366666102299252,3.623654246591954,-3.474129206902749,-0.059565664732360746,-0.3456110518138569
41,5.71003229102379,7.33646092771019,0.29048104127801055,0.16366522625931573,3.6236450229527435,-3.4776873996665887,-0.059625675717184135,-0.3448313206464082
42,5.710049819704131,7.336474735837988,0.290479475719222,0.16366412435754543,3.623637967706543,-3.4688497601567327,-0.0596331073879241,-0.3448267503305002
43,5.710063742440589,7.336485936552767,0.290478209138293,0.16366323353452797,3.6236322896989464,-3.473239165049296,-0.05945365681304588,-0.3449195331639356
44,5.710075291692746,7.336495270196477,0.29047718213223367,0.16366249282849693,3.623627566013539,-3.4648810955616565,-0.05960086732729897,-0.34613761070135
45,5.710084780543345,7.336502745041794,0.2904763200984383,0.16366187552402128,3.623623664467047,-3.4757539939593984,-0.05958696707963824,-0.3449672394328647
46,5.71009306028342,7.336509100688116,0.29047558774588583,0.16366133969690666,3.623620265457717,-3.4687984872747353,-0.059598321548184834,-0.3457716959971446
47,5.710100228921129,7.336514880491438,0.2904749203055586,0.16366086652119483,3.623617279475013,-3.468743536207411,-0.05950835877442145,-0.34585056600866615
48,5.710106506839942,7.3365198302874814,0.2904743641049227,0.16366044933130597,3.623614636418708,-3.4807628360954492,-0.0596838844968034,-0.3459330689203035
49,5.710112119021022,7.336524207681746,0.2904738606128338,0.16366007759680617,3.6236123104761617,-3.4785788324144153,-0.05958856293210038,-0.34653331281186583
50,5.710117118820197,7.33652811494983,0.2904733953122383,0.16365974251402587,3.623610187360285,-3.4757989078193336,-0.05958719578412202,-0.3452959077971595
51,5.710121691133662,7.3365318114756,0.2904729766130744,0.16365943309525458,3.623608245249713,-3.4691723884643615,-0.05955919839285157,-0.3461831059899774
52,5.710125855458521,7.336535024283482,0.290472595168425,0.16365915353311816,3.6236064967804964,-3.475177501414989,-0.05952098886216725,-0.3460690548589399
53,5.71012957698163,7.33653790612916,0.2904722675433977,0.16365890184897178,3.6236049220948985,-3.467538182083909,-0.059452099403043884,-0.3459537477046997
54,5.710132888649118,7.336540682751119,0.29047195502098583,0.16365866592603093,3.623603456489306,-3.4741091205551102,-0.059484976495768095,-0.34664447789077646
55,5.710136095361949,7.3365428973088695,0.2904716645162498,0.16365845075325292,3.6236020443360957,-3.473509725507673,-0.05955132286067123,-0.34505017992254494
56,5.71013898460825,7.33654524454872,0.2904713986325975,0.16365825026696915,3.6236008469251715,-3.4717791789286845,-0.05952407690408352,-0.34604019314438494
57,5.710141749614441,7.33654737098877,0.29047114955907793,0.1636580615219257,3.623599637396836,-3.47026917860434,-0.059546977885671565,-0.34547764710239226
58,5.7101443061544,7.336549263100067,0.29047091606765135,0.1636578886276477,3.6235985744214787,-3.476030936112275,-0.05965095178948508,-0.34586754486009524
59,5.710146544298904,7.336550995331233,0.2904707019272272,0.16365772493792943,3.623597565237702,-3.475691113982711,-0.05966049584152701,-0.3467912582067159
60,5.7101487523286565,7.336552784274229,0.2904705071197813,0.16365757126473934,3.6235965817824365,-3.476188016725374,-0.05955884723483144,-0.34585606717729234
61,5.71015087872528,7.336554383361192,0.29047032019136504,0.1636574258643137,3.6235956811214436,-3.47417754859657,-0.05960513850127732,-0.34672674020608746
62,5.71015260247912,7.336555905531254,0.2904701500379507,0.1636572935607873,3.623594861570325,-3.478191556873264,-0.05941494052355235,-0.34679566599704603
63,5.710154471135674,7.3365575547422495,0.29046997797406177,0.16365716278150466,3.6235940518945142,-3.471565451588597,-0.05958208658763238,-0.3462886849382857
64,5.710156237142395,7.336558682126279,0.2904698129700425,0.1636570422096742,3.623593305173145,-3.4731124063153884,-0.0595763245554598,-0.346358313336148
65,5.710157724430935,7.3365600355267615,0.2904696739056085,0.1636569272550862,3.623592608942104,-3.4720634280501663,-0.059636029108120756,-0.34744760065942676
66,5.710159320764166,7.336561309501237,0.2904695243425191,0.16365681762004436,3.6235919346316905,-3.474887204957796,-0.05943161793597587,-0.34638508333935514
67,5.710160692647851,7.336562105741838,0.29046940496832163,0.16365671816957733,3.6235912752000274,-3.474861031657344,-0.059524339781300326,-0.34634226688870917
68,5.710161949070895,7.3365633121326566,0.29046928019342755,0.16365661971731685,3.623590679881474,-3.4694233534930348,-0.05962581893390005,-0.34680934585966505
69,5.71016340065287,7.336564175891933,0.2904691611220982,0.16365652665289784,3.6235901217372373,-3.4724485098540008,-0.05945418733316618,-0.34671562018098534
70,5.7101646183800865,7.336565261134648,0.2904690380649991,0.1636564366845658,3.623589547225137,-3.478565736098571,-0.05959202031100596,-0.3462771297813774
71,5.710165726025214,7.336566109956991,0.29046893022974946,0.16365635148113775,3.623588997459919,-3.4617286313164817,-0.05946786564451319,-0.34631103253340695
72,5.710166853578488,7.336566945344899,0.29046883285985897,0.16365626981713724,3.62358853607239,-3.479848065056481,-0.05952044112143574,-0.3471460984395192
73,5.710167995487342,7.336567556856903,0.2904687254231893,0.16365619460512376,3.6235879961026995,-3.477616938265475,-0.059550317878778035,-0.3464203440212273
74,5.710169043914482,7.336568696287218,0.29046862215370367,0.16365611670504063,3.6235875839958425,-3.468263693638631,-0.05953805181416902,-0.34588509305819376
75,5.710169856621733,7.336569479859858,0.2904685484234287,0.16365604570728728,3.6235871645646966,-3.463824174783609,-0.05961661124685863,-0.346072872539421
76,5.710170857836662,7.336570307083677,0.2904684604420878,0.16365597403762294,3.623586706273116,-3.4789001211389765,-0.05955397785530315,-0.3467580898030026
77,5.7101716325072855,7.336570562111763,0.29046838412035286,0.16365591548796982,3.6235863317603787,-3.4714578307784714,-0.0594769007749147,-0.3470174147261752
78,5.7101724219780765,7.336571342722645,0.2904683094088319,0.16365585059045634,3.6235859172355305,-3.471282634887848,-0.05949971631721214,-0.3467007617394368
79,5.710173326316659,7.336571990502528,0.29046823359965407,0.16365579098026287,3.623585552616163,-3.4731562433538734,-0.05964428956459115,-0.34728189822551125
80,5.71017399590403,7.336572588437297,0.29046814654038217,0.16365573431686412,3.6235851947873243,-3.476489328168653,-0.05960547065248599,-0.3469062273029809
81,5.7101748693985135,7.336572917873324,0.2904680859196314,0.16365568136387434,3.62358486157801,-3.4770708769052714,-0.05962288688431989,-0.34674578233882114
82,5.710175424071707,7.336573685238545,0.29046802107769987,0.16365562519022006,3.623584542508951,-3.470383545061251,-0.05952795225011932,-0.34586313790506545
83,5.7101762072036,7.336574394032033,0.29046795812636933,0.1636555716823413,3.623584236578111,-3.476981274955146,-0.05960325737510835,-0.3473244052272182
84,5.710176829152136,7.33657450833234,0.2904678895756921,0.16365552606719977,3.6235839003313117,-3.4678277167472036,-0.0595755329741551,-0.3470624559992426
85,5.710177343631866,7.336575157730913,0.29046784796926145,0.163655477739367,3.623583629692618,-3.4755685477404743,-0.059513000683771355,-0.3467421184132646
86,5.710167518609173,7.336571457790202,0.2904692074486764,0.16365775779091535,3.6235920933834223,-3.4998765046651417,-0.059998727309423405,-0.34947346928002715
87,5.710098381091499,7.336535506521005,0.29047764334042814,0.16367068249796826,3.623644293942988,-3.4996778287209787,-0.05999830646721928,-0.3486077562645749
88,5.709961477422195,7.336488190873639,0.29049891831108865,0.16371259830166598,3.6237944093091414,-3.498723732697236,-0.05999715678446047,-0.34678914767127855
89,5.660234543769584,7.277747439009308,0.296381015701866,0.17184760009045152,3.6505677350508563,-3.4234927344966577,-0.059995783368000634,-0.3464833670430952
90,5.686406894738222,7.309191132797956,0.2935950481951888,0.16860960440475745,3.6405039187921915,-3.2481326574797147,-0.05999730098936651,-0.3489312441559048
91,5.700019184791983,7.327928783430387,0.29195632350144035,0.16629657452119545,3.632899691037821,-3.2737948784718403,-0.059998278827728097,-0.3492854157606283
92,5.704958705272166,7.333245309053346,0.2912623217268165,0.1651513033498394,3.6289699079648443,-3.416474275044851,-0.05999960906587325,-0.3497066925894152
93,5.70675225741162,7.334739426753109,0.290990080183876,0.16466646747711985,3.6272445248577725,-3.4473122605332382,-0.05999973653866961,-0.349760140056486
94,5.707391122971093,7.3351596128293455,0.2908987846479522,0.16449996832151895,3.6266444489986895,-3.453612102760567,-0.059999814344657676,-0.34979487939162535
95,5.706418000522629,7.334459114112285,0.2910440789569241,0.16476757797749397,3.627608548230313,-3.4675724367956975,-0.059999878446499746,-0.3498274209919396
96,5.70465928143932,7.332942769221516,0.29130859584496177,0.16523576370691195,3.6292764171931395,-3.4418685727410607,-0.059999758681586315,-0.34975611372991605
97,5.6997463134749635,7.32754746270721,0.2919974782081818,0.16636640311963954,3.6331595528819207,-3.424657452691186,-0.059999768481449084,-0.3497835401001874
98,5.694297392072197,7.320108614031907,0.2926941356056188,0.16740509141003712,3.6366435313623384,-3.395756111488686,-0.05999963452015911,-0.3497319129016903
99,5.678596055559535,7.298828191725971,0.29446881765363986,0.1697201571262087,3.6441605338437597,-3.3306452731589773,-0.05999957551215743,-0.34974312901616217
100,5.695826870291563,7.32237288373046,0.2925038843140802,0.16712409670369643,3.6357306756833765,-3.288194448024303,-0.059999576395935006,-0.34979954517042794
101,5.6820377709423475,7.303235513757466,0.29409207114046276,0.16926323329572726,3.642735781242436,-3.2970382176839315,-0.05999969746227617,-0.34986278745863175
102,5.667210560377943,7.285110440539183,0.2956981430943986,0.17117384920254344,3.6488311316802395,-3.2643917969635896,-0.059999633293311753,-0.3498706152369907
103,5.669218794056946,7.287420089854289,0.29548806079335516,0.1709440927193722,3.648162669759813,-3.223617421017514,-0.05999966118264723,-0.3498988916148414
104,5.669627919338654,7.287888452625965,0.2954451827707598,0.17090496444659087,3.648087452431085,-3.202475515333143,-0.05999965376562781,-0.34991431916440213
105,5.695497413854551,7.3217177335962935,0.29254772509458044,0.16722315263823992,3.636171555008886,-3.244220179719133,-0.05999969552691515,-0.3499292658494638
106,5.685760342297205,7.3078244347530505,0.29368316185157267,0.1688166274243333,3.641494987270164,-3.384371857266049,-0.05999991245515592,-0.34997038222528676
107,5.693005810756087,7.317989868150295,0.2928477868728759,0.16769722219775823,3.637845797296677,-3.279559563588094,-0.059999798425474204,-0.34994979207222165
108,5.700536135707974,7.328362948869023,0.2918890162557971,0.16626512761631324,3.6330133619044744,-3.364773048652901,-0.059999893705646797,-0.34996756174423554
109,5.69772749569017,7.324622825663478,0.2922679648642416,0.16686325660866846,3.635091448395471,-3.3578899985438473,-0.05999990388959855,-0.34996960450101783
110,5.700585975473595,7.328383726824944,0.2918824730624136,0.1662674560136292,3.63305466438689,-3.388542243071624,-0.05999993792062885,-0.3499775505042052
111,5.706376277727286,7.334291539658018,0.29104571374728055,0.16481947422119436,3.627908910344871,-3.432260450538811,-0.059999950919990185,-0.3499810112429572
112,5.7082273322431165,7.335619316734677,0.2907625629103192,0.16426919128253642,3.6258710984010634,-3.4562523407979056,-0.05999997662412034,-0.34998863490971477
113,5.708741687958835,7.335901565361971,0.2906890199678348,0.16412125227580426,3.6253193936500168,-3.4797305411643333,-0.05999999116356666,-0.349994075847221
114,5.7092240459950565,7.336176128099028,0.29061202814435466,0.1639602853465177,3.6247172828924192,-3.482224458450073,-0.05999998986586794,-0.3499936128521825
115,5.7094501152302,7.33627692736386,0.29058014426231676,0.1638948250306984,3.6244726179451163,-3.4879846611061134,-0.059999994530871105,-0.34999557258607866
116,5.7095633564860035,7.336324089093397,0.29056445772150846,0.16386264297129166,3.6243523090723073,-3.4914591317181594,-0.059999994933605194,-0.34999705214161536
117,5.709715638015374,7.336388774547402,0.2905428005822452,0.16381705723951567,3.6241818927643976,-3.4917717180452548,-0.05999999502683068,-0.3499965856263826
118,5.70985303508833,7.336450207974185,0.2905220561279203,0.16377165211510686,3.624011949198035,-3.4941295983197094,-0.05999999567568004,-0.3499974299061883
119,5.709933619216937,7.336486923019652,0.2905089503362352,0.1637431294348123,3.6239054113447082,-3.4958429642029114,-0.05999999865889549,-0.34999808752620304
120,5.710012695938161,7.336521679680393,0.2904958134053445,0.1637149097285496,3.6238003256184754,-3.496665243152622,-0.05999999865889549,-0.34999823707479377
121,5.710043129411781,7.336533902242644,0.2904907831271583,0.16370433374233892,3.6237611074013216,-3.4978445299394854,-0.05999999865889549,-0.349998847112522
122,5.710071458394072,7.336545213863263,0.2904861461346459,0.16369455189579904,3.623724744509502,-3.497858372059193,-0.05999999865889549,-0.34999865251737794
123,5.7100834984257345,7.336549812675274,0.29048416653530085,0.16369044589931644,3.6237094563640824,-3.4981811554940254,-0.05999999865889549,-0.34999878079564245
124,5.710094462078033,7.336554131153105,0.2904823715361161,0.1636867201927234,3.623695614626243,-3.4987686296125076,-0.05999999865889549,-0.3499992864804941
125,5.710101488510059,7.336556666017292,0.29048124514448426,0.16368441270418083,3.6236870058268806,-3.498659375193599,-0.05999999865889549,-0.34999910969514625
126,5.710112058545708,7.33656066570193,0.2904795209063706,0.16368086295034945,3.6236737861072896,-3.49891189650611,-0.05999999865889549,-0.34999929566879767
127,5.710124398432101,7.336565212514753,0.29047752960085266,0.1636766823482932,3.623658242922886,-3.4988447553044684,-0.05999999865889549,-0.34999912270196565
128,5.710132348782099,7.336568313495236,0.2904762668107202,0.1636740962094519,3.6236486229406353,-3.499053537189304,-0.05999999865889549,-0.3499992762182329
129,5.710142306314688,7.336571806947891,0.2904746654534182,0.16367081282205145,3.6236364130040783,-3.4993682482817747,-0.05999999865889549,-0.34999955341861294
130,5.710149426766322,7.336574237907975,0.2904735233814439,0.16366849923607482,3.6236278156891615,-3.4993675430496416,-0.05999999865889549,-0.34999950034721
131,5.710154025378368,7.3365758900411935,0.290472775230299,0.16366700449449778,3.6236223013717392,-3.499504344957369,-0.05999999865889549,-0.34999961532033363
132,5.710159456846509,7.336577724699787,0.2904719135014518,0.16366528304049482,3.6236158847253677,-3.499477045910733,-0.05999999865889549,-0.34999954163491187
133,5.710165156307748,7.336579633737246,0.29047101469295356,0.16366346326537456,3.62360916692559,-3.4995475230632245,-0.05999999865889549,-0.3499995858461649
134,5.71016956363698,7.336580940833273,0.2904703089567249,0.16366205638552966,3.6236039945176657,-3.4996657500395902,-0.05999999865889549,-0.34999969929784863
135,5.71017353843003,7.336582332517536,0.29046966372473754,0.1636607971059116,3.6235993223075837,-3.499730317322938,-0.05999999865889549,-0.34999974902805026
136,5.710176386720353,7.336583212787112,0.29046919598148224,0.1636598849038378,3.6235959935554973,-3.4997617432305046,-0.05999999865889549,-0.3499997594394722
